label,strategy,scheme,alpha,mu,init,accuracy_mean,accuracy_std,accuracy_values,macro_f1_mean,macro_f1_std,macro_f1_values,macro_precision_mean,macro_precision_std,macro_precision_values,macro_recall_mean,macro_recall_std,macro_recall_values,weighted_f1_mean,weighted_f1_std,weighted_f1_values,n_seeds,seeds,n_correct_seed0,n_total,rounds,accuracy_point,accuracy_ci_low,accuracy_ci_high,macro_f1_point,macro_f1_ci_low,macro_f1_ci_high,bootstrap_n_correct,bootstrap_n_total
centralized,centralized,centralized,,,imagenet,0.9937975927290593,0.00046363512867050383,"[0.993367722918202, 0.9937361827560796, 0.9942888725128961]",0.9899533824947849,0.0006674585123177658,"[0.989773944012126, 0.9893939852297218, 0.9906922182425069]",0.9931751149553625,0.00034534702357913157,"[0.9932037174012344, 0.9928163561998299, 0.9935052712650232]",0.9873013238823191,0.0008532782799313603,"[0.9868995969413441, 0.9867230561561048, 0.9882813185495082]",0.9937707799945961,0.00045871156080498843,"[0.9933448329849389, 0.9937110940878152, 0.9942564129110342]",3,"[0, 1, 2]",5392,5428,,0.993367722918202,0.990972733971997,0.9952100221075902,0.989773944012126,0.98524958816422,0.9933065662917935,5392.0,5428.0
fedavg alpha=0.1,fedavg,dirichlet,0.1,,imagenet,0.9777695897813805,0.004847499600065297,"[0.9808400884303611, 0.9802873986735445, 0.9721812822402358]",0.9709148524502136,0.005534367723039778,"[0.9722598615446497, 0.9756527489043758, 0.9648319469016151]",0.9763183071697331,0.0032376456332843533,"[0.9769324676514588, 0.9792048853989856, 0.9728175684587548]",0.9675499822194816,0.0067979376074473645,"[0.9696414739165213, 0.973056427040933, 0.9599520457009906]",0.9776233770598273,0.004898883230967271,"[0.9807011054285019, 0.9801948350012052, 0.9719741907497748]",3,"[0, 1, 2]",5324,5428,30.0,0.9808400884303611,0.9771554900515844,0.9847089167280766,0.9722598615446497,0.9654282990018049,0.9782173458733632,5324.0,5428.0
fedavg alpha=0.5 (legacy init),fedavg,dirichlet,0.5,,checkpoint,0.9891304347826086,0.0,[0.9891304347826086],0.983404118844957,0.0,[0.983404118844957],0.9897390677489054,0.0,[0.9897390677489054],0.9789793442269196,0.0,[0.9789793442269196],0.9890340770134157,0.0,[0.9890340770134157],1,[0],5369,5428,5.0,0.9891304347826086,0.9863623802505527,0.9917096536477524,0.983404118844957,0.9777734728756086,0.9876302264606881,5369.0,5428.0
fedavg alpha=0.5,fedavg,dirichlet,0.5,,imagenet,0.985937116187669,0.0014309973222464897,"[0.9863669859985261, 0.984340456890199, 0.9871039056742815]",0.9799139432052261,0.0020555843113565834,"[0.9817721187239971, 0.977705865740184, 0.9802638451514972]",0.9828184996683218,0.0012459962495273411,"[0.9838080305920073, 0.9814192298852408, 0.9832282385277176]",0.9779776635096654,0.0027088108773616905,"[0.9804974780370034, 0.9751129019129882, 0.9783226105790047]",0.9858634312766309,0.0014716954505758174,"[0.9863313725030622, 0.9842146600570751, 0.9870442612697551]",3,"[0, 1, 2]",5354,5428,30.0,0.9863669859985261,0.9830508474576272,0.9893146647015475,0.9817721187239971,0.9765302934216323,0.9861886852897356,5354.0,5428.0
fedavg alpha=1,fedavg,dirichlet,1.0,,imagenet,0.9881478752149349,0.0025148114995631626,"[0.9893146647015475, 0.9852616064848931, 0.989867354458364]",0.9834678566922023,0.0037293296544103896,"[0.984568405718571, 0.979312101135983, 0.9865230632220527]",0.9866159052962006,0.0044255410530341455,"[0.9881532304453782, 0.9816267111020915, 0.990067774341132]",0.9810936130675886,0.0030700559341589875,"[0.9817706903047226, 0.9777415352921361, 0.9837686136059067]",0.9880981161457131,0.002490862268586054,"[0.9892787748639813, 0.9852364592927334, 0.9897791142804244]",3,"[0, 1, 2]",5370,5428,30.0,0.9893146647015475,0.9863669859985261,0.9918938835666913,0.984568405718571,0.9791654391141578,0.9887499752617173,5370.0,5428.0
fedavg IID,fedavg,iid,,,imagenet,0.9880864652419553,0.0009272702573410519,"[0.9889462048636699, 0.9871039056742815, 0.9882092851879145]",0.983706521069192,0.0014921260291669014,"[0.9851888509931079, 0.982204788171797, 0.9837259240426708]",0.9861803816660065,0.0015473109879111716,"[0.9879655135991969, 0.9853522305978345, 0.9852234008009885]",0.9820361755096508,0.0018361621130584755,"[0.9831664470187487, 0.9799175417531004, 0.9830245377571034]",0.9880562354905568,0.0009004961004376659,"[0.988862139980772, 0.9870842650634974, 0.988222301427401]",3,"[0, 1, 2]",5368,5428,30.0,0.9889462048636699,0.9861827560795873,0.9917096536477524,0.9851888509931079,0.980524432996713,0.9892897545235495,5368.0,5428.0
fedprox alpha=0.1 mu=0.001,fedprox,dirichlet,0.1,0.001,imagenet,0.9787521493490544,0.0026718631684853086,"[0.9813927781871776, 0.9788135593220338, 0.9760501105379513]",0.971877895002533,0.0031815253592391846,"[0.9744799806195982, 0.9728227298493008, 0.9683309745386997]",0.9772519147826862,0.0011434916286013153,"[0.9785394722327527, 0.9768615526401117, 0.9763547194751944]",0.9686393514639794,0.004543612103442656,"[0.9723664912432112, 0.9699735515389016, 0.9635780116098255]",0.9785979153677116,0.0027222679212533553,"[0.9812792388001778, 0.9786780355217761, 0.975836471781181]",3,"[0, 1, 2]",5327,5428,30.0,0.9813927781871776,0.9778878039793663,0.9848931466470154,0.9744799806195982,0.9681236844039119,0.9802095129412625,5327.0,5428.0
fedprox alpha=0.1 mu=0.01,fedprox,dirichlet,0.1,0.01,imagenet,0.9791820191599115,0.0,[0.9791820191599115],0.9730856407546521,0.0,[0.9730856407546521],0.978012070029634,0.0,[0.978012070029634],0.9702003210970356,0.0,[0.9702003210970356],0.9790613011937958,0.0,[0.9790613011937958],1,[0],5315,5428,30.0,0.9791820191599115,0.9756816507000737,0.9828666175386883,0.9730856407546521,0.9665842561363097,0.9782587563199038,5315.0,5428.0
fedprox alpha=0.1 mu=0.1,fedprox,dirichlet,0.1,0.1,imagenet,0.9740235814296242,0.0,[0.9740235814296242],0.9640223272588261,0.0,[0.9640223272588261],0.9733785160503874,0.0,[0.9733785160503874],0.95856171095942,0.0,[0.95856171095942],0.9737683894274788,0.0,[0.9737683894274788],1,[0],5287,5428,30.0,0.9740235814296242,0.9696020633750921,0.9778924097273397,0.9640223272588261,0.9559864682274885,0.9703456725715973,5287.0,5428.0
fedprox alpha=0.5 mu=0.001,fedprox,dirichlet,0.5,0.001,imagenet,0.986858265782363,0.001047575663794616,"[0.986551215917465, 0.9859985261606485, 0.9880250552689757]",0.9814717367888307,0.0010770706046424113,"[0.9808034341110952, 0.9808975326160271, 0.9827142436393695]",0.9833285049301764,0.0016152982949713,"[0.9815032365858333, 0.9839087459840511, 0.984573532220645]",0.9804193587033065,0.001145500398455508,"[0.9807331271228996, 0.9791496702892533, 0.9813752786977665]",0.9867947367337155,0.0010762916076559324,"[0.986528019505847, 0.9858768817323559, 0.9879793089629436]",3,"[0, 1, 2]",5355,5428,30.0,0.986551215917465,0.9834193072955048,0.989319270449521,0.9808034341110952,0.9752624549720686,0.9855851421765375,5355.0,5428.0
fedprox alpha=1 mu=0.001,fedprox,dirichlet,1.0,0.001,imagenet,0.9873495455661999,0.0019870657930930523,"[0.9882092851879145, 0.9850773765659543, 0.9887619749447311]",0.9826063355310796,0.0030554518343083757,"[0.9830240465095316, 0.9793635182646324, 0.9854314418190747]",0.9862536087650243,0.0015423755421162461,"[0.9865131552426177, 0.984597926278469, 0.987649744773986]",0.9799538015501356,0.0040088656367881755,"[0.980417531858416, 0.9757332374421123, 0.9837106353498783]",0.9873108036831749,0.0019803927504373595,"[0.9881899634159684, 0.9850430378117008, 0.9886994098218554]",3,"[0, 1, 2]",5364,5428,30.0,0.9882092851879145,0.9852570007369197,0.9907885040530582,0.9830240465095316,0.9772765362908139,0.987404295511605,5364.0,5428.0
