class_name,label,precision,recall,f1,support
Potato___healthy,22,1.0,0.8666666666666667,0.9285714285714286,15
Corn_(maize)___Cercospora_leaf_spot Gray_leaf_spot,7,0.9787234042553191,0.8846153846153846,0.9292929292929293,52
Corn_(maize)___Northern_Leaf_Blight,9,0.9245283018867925,0.98989898989899,0.9560975609756097,99
Tomato___Early_blight,29,0.9893617021276596,0.93,0.9587628865979382,100
Tomato___Target_Spot,34,0.9455782312925171,0.9858156028368794,0.9652777777777778,141
Tomato___Spider_mites Two-spotted_spider_mite,33,0.9878048780487805,0.9700598802395209,0.9788519637462235,167
Apple___Cedar_apple_rust,2,1.0,0.9629629629629629,0.9811320754716981,27
Tomato___Bacterial_spot,28,0.9768518518518519,0.9952830188679245,0.985981308411215,212
Tomato___Tomato_mosaic_virus,36,1.0,0.9736842105263158,0.9866666666666667,38
Tomato___Late_blight,30,0.979381443298969,0.9947643979057592,0.987012987012987,191
