method,model,n_images,deletion_auc,deletion_auc_ci,deletion_auc_n,insertion_auc,insertion_auc_ci,insertion_auc_n,leaf_energy_ratio,leaf_energy_ratio_ci,leaf_energy_ratio_n,leaf_pointing_hit,leaf_pointing_hit_ci,leaf_pointing_hit_n,lesion_energy_ratio,lesion_energy_ratio_ci,lesion_energy_ratio_n,lesion_pointing_hit,lesion_pointing_hit_ci,lesion_pointing_hit_n,leaf_area_fraction,leaf_area_fraction_ci,leaf_area_fraction_n,lesion_area_fraction,lesion_area_fraction_ci,lesion_area_fraction_n,spearman_vs_centralized,spearman_vs_centralized_ci,spearman_vs_centralized_n,topk_iou_vs_centralized,topk_iou_vs_centralized_ci,topk_iou_vs_centralized_n
gradcam,centralized_seed0,380,0.39252133591415284,"[0.372, 0.414]",380,0.7828882543627308,"[0.770, 0.796]",380,0.7774303799341965,"[0.764, 0.789]",380,0.9578947368421052,"[0.937, 0.979]",380,0.21671358186222867,"[0.189, 0.243]",250,0.32,"[0.264, 0.380]",250,0.6007648340997584,"[0.583, 0.618]",380,0.15585196109693875,"[0.135, 0.177]",250,,,,,,
gradcam,fedavg_dirichlet_alpha0.1_K5_seed0,380,0.33236467364872774,"[0.312, 0.353]",380,0.7430033469650886,"[0.724, 0.760]",380,0.7598099073810829,"[0.748, 0.771]",380,0.9789473684210527,"[0.963, 0.992]",380,0.20211375044239588,"[0.176, 0.229]",250,0.284,"[0.228, 0.340]",250,0.6007648340997584,"[0.585, 0.617]",380,0.15585196109693875,"[0.134, 0.179]",250,0.7389932080332409,"[0.720, 0.758]",380.0,0.4397800165583108,"[0.421, 0.459]",380.0
gradcam,fedavg_dirichlet_alpha0.5_K5_seed0,380,0.36150998384028515,"[0.341, 0.384]",380,0.7775393910052001,"[0.763, 0.792]",380,0.7609042517137695,"[0.749, 0.772]",380,0.9868421052631579,"[0.976, 0.997]",380,0.20294201598051193,"[0.176, 0.230]",250,0.3,"[0.244, 0.356]",250,0.6007648340997584,"[0.585, 0.618]",380,0.15585196109693875,"[0.135, 0.179]",250,0.7512015138160258,"[0.730, 0.771]",380.0,0.45050970316037325,"[0.432, 0.472]",380.0
gradcam,fedprox_dirichlet_alpha0.1_K5_mu0.001_seed0,380,0.31942207743115325,"[0.298, 0.340]",380,0.7531204423522316,"[0.735, 0.772]",380,0.7649879676498375,"[0.753, 0.778]",380,0.9815789473684211,"[0.968, 0.995]",380,0.20377865651214053,"[0.178, 0.231]",250,0.312,"[0.256, 0.368]",250,0.6007648340997584,"[0.585, 0.617]",380,0.15585196109693875,"[0.136, 0.179]",250,0.7350670895815187,"[0.714, 0.755]",380.0,0.4387674608404629,"[0.420, 0.459]",380.0
gradcam,fedprox_dirichlet_alpha0.5_K5_mu0.001_seed0,380,0.36611775962098236,"[0.344, 0.389]",380,0.7678742845790911,"[0.753, 0.784]",380,0.7629216466660008,"[0.751, 0.775]",380,0.9763157894736842,"[0.958, 0.989]",380,0.20292680915290615,"[0.179, 0.231]",250,0.28,"[0.228, 0.332]",250,0.6007648340997584,"[0.586, 0.618]",380,0.15585196109693875,"[0.135, 0.179]",250,0.7597065543711309,"[0.738, 0.778]",380.0,0.45882147050802174,"[0.440, 0.476]",380.0
smoothgrad,centralized_seed0,380,0.29421467532982004,"[0.274, 0.314]",380,0.7585457579447128,"[0.744, 0.771]",380,0.700398973608956,"[0.689, 0.712]",380,0.8157894736842105,"[0.776, 0.853]",380,0.1997463663825653,"[0.177, 0.221]",250,0.616,"[0.556, 0.676]",250,0.6007648340997584,"[0.585, 0.617]",380,0.15585196109693875,"[0.136, 0.178]",250,,,,,,
smoothgrad,fedavg_dirichlet_alpha0.1_K5_seed0,380,0.27008965540888513,"[0.249, 0.293]",380,0.7142214391566382,"[0.697, 0.731]",380,0.7358119059589562,"[0.725, 0.746]",380,0.9210526315789473,"[0.892, 0.945]",380,0.20425069248335273,"[0.179, 0.227]",250,0.608,"[0.548, 0.664]",250,0.6007648340997584,"[0.584, 0.618]",380,0.15585196109693875,"[0.135, 0.179]",250,0.6220421962127847,"[0.604, 0.638]",380.0,0.30476155198427507,"[0.295, 0.314]",380.0
smoothgrad,fedavg_dirichlet_alpha0.5_K5_seed0,380,0.2821235441198879,"[0.264, 0.302]",380,0.7902252417520405,"[0.777, 0.803]",380,0.7287499002120043,"[0.717, 0.740]",380,0.9,"[0.868, 0.929]",380,0.20800736349083734,"[0.186, 0.231]",250,0.64,"[0.576, 0.704]",250,0.6007648340997584,"[0.583, 0.617]",380,0.15585196109693875,"[0.135, 0.177]",250,0.658662419604057,"[0.643, 0.674]",380.0,0.33188164704361955,"[0.322, 0.341]",380.0
smoothgrad,fedprox_dirichlet_alpha0.1_K5_mu0.001_seed0,380,0.290653343278089,"[0.269, 0.311]",380,0.7274031422535367,"[0.709, 0.745]",380,0.7376040155960429,"[0.726, 0.748]",380,0.9289473684210526,"[0.903, 0.953]",380,0.2026944869970299,"[0.181, 0.227]",250,0.636,"[0.576, 0.696]",250,0.6007648340997584,"[0.584, 0.617]",380,0.15585196109693875,"[0.135, 0.177]",250,0.6110969310908484,"[0.593, 0.629]",380.0,0.300005451114516,"[0.291, 0.311]",380.0
smoothgrad,fedprox_dirichlet_alpha0.5_K5_mu0.001_seed0,380,0.2868816834553609,"[0.266, 0.308]",380,0.7829284498923877,"[0.770, 0.795]",380,0.7237817750030121,"[0.712, 0.735]",380,0.9078947368421053,"[0.879, 0.937]",380,0.20817662404943527,"[0.185, 0.233]",250,0.64,"[0.584, 0.704]",250,0.6007648340997584,"[0.585, 0.618]",380,0.15585196109693875,"[0.136, 0.178]",250,0.6687381878515763,"[0.653, 0.683]",380.0,0.33880669481512565,"[0.330, 0.348]",380.0
