round,val_loss,val_accuracy,val_macro_f1,val_macro_precision,val_macro_recall,val_n_correct,val_n_total,mean_client_loss,mean_client_accuracy,mean_proximal_loss,n_clients,bytes_transmitted,cumulative_bytes,seconds
1,0.9866717969405278,0.7372007366482505,0.6015841846300325,0.7337034643980352,0.6165358578179383,4003,5430,0.9410521196872013,0.7454299715896272,0.023451817068732027,5,90902000,90902000,268.9285502433777
2,0.3082977642998756,0.8955801104972375,0.8415365503834099,0.9008902553106196,0.8400744335439229,4863,5430,0.38053988496140184,0.8851046314978273,0.007418045259482357,5,90902000,181804000,247.98623704910278
3,0.1945803680719069,0.9337016574585635,0.8992530839449051,0.9233109341291623,0.8901867856377959,5070,5430,0.23115910447293553,0.9280647628350932,0.004763722664984514,5,90902000,272706000,248.0419569015503
4,0.12113027883724985,0.9640883977900553,0.9509264154644231,0.9602815144005589,0.945840483713597,5235,5430,0.16766326144973395,0.9466994952109864,0.004000189229610404,5,90902000,363608000,249.39474773406982
5,0.13555679810986476,0.9576427255985267,0.9359819083713975,0.9503408736552094,0.928261296563524,5200,5430,0.13006646717641562,0.9588731671996055,0.0033676889890240543,5,90902000,454510000,248.3300323486328
6,0.09986856397475247,0.9675874769797421,0.9556658606493942,0.9613140503343762,0.9536841340793847,5254,5430,0.09181741136548618,0.9713493416123248,0.002529603240473063,5,90902000,545412000,248.1840627193451
7,0.11475149797356021,0.9657458563535911,0.9475210080116808,0.9617911155257007,0.9450049479989301,5244,5430,0.07920542944594264,0.9756920717907678,0.002343747058216491,5,90902000,636314000,247.02930688858032
8,0.11274410490236891,0.9668508287292817,0.9547796630771809,0.9624858365769414,0.9528230106257659,5250,5430,0.06009981589984281,0.9815300789688152,0.0017798853571052496,5,90902000,727216000,246.98209428787231
9,0.08918325436198299,0.9729281767955801,0.9586951349282317,0.9684245859012693,0.9561863825230817,5283,5430,0.039567878204809934,0.9882825794589334,0.0012493816730447381,5,90902000,818118000,247.36488318443298
10,0.08259971572655254,0.9758747697974217,0.9682265984541123,0.9693149087281042,0.9687793656708055,5299,5430,0.029515316877134712,0.9914782892398186,0.0010166176021121395,5,90902000,909020000,248.4373848438263
11,0.07250998392409035,0.980110497237569,0.9739806287257136,0.9738751391714587,0.975008812871032,5322,5430,0.022550575652216708,0.993760299417201,0.0007895744004084735,5,90902000,999922000,248.62591695785522
12,0.06776224876583178,0.9808471454880294,0.9740103282387729,0.9731959880011295,0.9758396248785263,5326,5430,0.01043800800203093,0.9979409226170934,0.000403335660610663,5,90902000,1090824000,249.48014163970947
13,0.062460065779083536,0.9826887661141804,0.975929183561346,0.9744538818391673,0.9780311445389863,5336,5430,0.006753507259864629,0.9989218279177393,0.0002436457998684398,5,90902000,1181726000,249.77208924293518
14,0.06958178130862205,0.9810313075506446,0.9741441217419006,0.9727427775351805,0.9765367595164295,5327,5430,0.00783693472569336,0.9988183523606231,0.00023568236965037874,5,90902000,1272628000,246.191171169281
15,0.060409555644788074,0.985451197053407,0.980018338895025,0.9795206818378078,0.9810845126603661,5351,5430,0.0033654155090297256,0.999771067247209,0.0001148671647947322,5,90902000,1363530000,246.90614318847656
16,0.06175192791503915,0.9847145488029466,0.9797386060561428,0.978584825754967,0.9814025983732071,5347,5430,0.0024707296350659396,0.9998901968301299,7.706043840922544e-05,5,90902000,1454432000,247.41255044937134
17,0.06278132162196608,0.9847145488029466,0.9790387394814506,0.9775595449798118,0.9811913134118607,5347,5430,0.0021982885033509534,0.9998844179433253,6.462786905734107e-05,5,90902000,1545334000,246.1245174407959
18,0.06255474493427303,0.9850828729281768,0.9800413044987479,0.9791916443523127,0.9814773418781145,5349,5430,0.0018866547977461905,1.0,5.053853811231863e-05,5,90902000,1636236000,249.58742356300354
19,0.06269346549965671,0.9858195211786372,0.9811940130555854,0.9807079700533707,0.9821297115266707,5353,5430,0.001596147868489474,0.9999736703528173,3.9671441411207045e-05,5,90902000,1727138000,248.85440254211426
20,0.062115184012515784,0.9850828729281768,0.9801594248438998,0.9794841315476681,0.9812783350204844,5349,5430,0.0014702170978300206,1.0,3.440697558430114e-05,5,90902000,1818040000,247.4867012500763
21,0.06232382229328334,0.985451197053407,0.9805306157394761,0.9799343031590317,0.9815701613689324,5351,5430,0.0013661513694581563,1.0,3.0829238831180235e-05,5,90902000,1908942000,248.15379238128662
22,0.06322530702114687,0.9852670349907919,0.9806522941687924,0.9802129427411921,0.9815522340537819,5350,5430,0.0012446281965968224,1.0,2.73455254916775e-05,5,90902000,1999844000,246.78659963607788
23,0.06380678754068848,0.9858195211786372,0.9811663860188035,0.9806458053305613,0.9821156981431988,5353,5430,0.0011912260962507692,1.0,2.505496851085058e-05,5,90902000,2090746000,246.93127131462097
24,0.06385458320620117,0.9860036832412523,0.9812552445059572,0.9807771525126064,0.9821509443498386,5354,5430,0.0011055661443066245,1.0,2.2363002729616377e-05,5,90902000,2181648000,247.80034470558167
25,0.06372445284391379,0.9860036832412523,0.9815047401794285,0.9810942463323422,0.982336839231213,5354,5430,0.001050834391333039,1.0,2.0722355687358912e-05,5,90902000,2272550000,248.9363203048706
26,0.06471717891116792,0.985451197053407,0.9807186080175628,0.98028291128668,0.9815950251156006,5351,5430,0.0009850379281955096,1.0,1.8209309687262726e-05,5,90902000,2363452000,246.89503049850464
27,0.06450215780279668,0.9856353591160221,0.9809376135411668,0.9804971354958856,0.9818386898329495,5352,5430,0.0009369984192562457,1.0,1.6393295816048466e-05,5,90902000,2454354000,249.20690298080444
28,0.06447074738873314,0.9856353591160221,0.9808671529056968,0.9804414997731657,0.9817185734229888,5352,5430,0.000897130043172269,1.0,1.5505518387793142e-05,5,90902000,2545256000,246.66213583946228
29,0.06456240972884322,0.9856353591160221,0.9809633687354892,0.9804756433759539,0.9818592117014683,5352,5430,0.0008752883803445331,1.0,1.5205186323772177e-05,5,90902000,2636158000,248.47182536125183
30,0.06493520172758889,0.9856353591160221,0.9812251273802242,0.9810120100467549,0.9818906178888506,5352,5430,0.0008135689445584934,1.0,1.3873833925713141e-05,5,90902000,2727060000,246.77257227897644
