epoch,train_loss,train_accuracy,val_loss,val_accuracy,val_macro_f1,val_n_correct,val_n_total,learning_rate,seconds
0,0.5470436317335792,0.8294934057587405,0.21981892025769897,0.9292817679558011,0.9069240252237565,5046,5430,0.001,368.1083507537842
1,0.28372191347581877,0.9065988445692453,0.20105452791748665,0.9392265193370166,0.9222392506011943,5100,5430,0.001,373.34783029556274
2,0.23008013842231914,0.9254263815683477,0.20179489399518724,0.9383057090239411,0.9216924613119866,5095,5430,0.001,377.86576557159424
3,0.19612622526954568,0.9355766796326559,0.14210630527377932,0.9541436464088398,0.9403516847684376,5181,5430,0.001,371.8482964038849
4,0.1828598508338529,0.939673625336617,0.12330896005501395,0.9624309392265193,0.95462603607978,5226,5430,0.001,369.94606614112854
5,0.16316419961683126,0.9476143347066541,0.14099058412488388,0.9572744014732965,0.9463824853887577,5198,5430,0.001,364.41287899017334
6,0.14911191305877655,0.9518723962529059,0.13119255836690227,0.9613259668508287,0.9519575503878839,5220,5430,0.0001,375.28333473205566
7,0.06649974226393582,0.9780882454484775,0.0574565388664846,0.9832412523020257,0.974865252718294,5339,5430,0.0001,380.30092191696167
8,0.04868221246217969,0.983842382673142,0.05109158909812893,0.9858195211786372,0.9812214401929527,5353,5430,0.0001,377.3331971168518
9,0.04558804323548648,0.9845558956890004,0.04833407652631936,0.9869244935543278,0.9831197918544342,5359,5430,0.0001,382.85094928741455
10,0.03895071822499813,0.9872027988123461,0.044561083525856415,0.9878453038674033,0.983740617223211,5364,5430,0.0001,378.9305202960968
11,0.0366126977954131,0.987409947752434,0.039362447439476526,0.9896869244935543,0.9853790848356925,5374,5430,0.0001,376.1558299064636
12,0.03500728701045991,0.9886528413929615,0.043131903619557044,0.9882136279926336,0.9851866970531911,5366,5430,0.0001,373.70551681518555
13,0.03129636316596564,0.9891361889198333,0.041618490824711175,0.9882136279926336,0.9840401785837273,5366,5430,1e-05,370.96705174446106
14,0.027498591562624502,0.9907243307938408,0.037434096512536576,0.9896869244935543,0.9849938911116368,5374,5430,1e-05,372.4781119823456
15,0.027064324457867692,0.9910235459295234,0.03525005361179497,0.990791896869245,0.9870390286866161,5380,5430,1e-05,370.4285180568695
16,0.025528468958158308,0.9914148272608005,0.03470890455789135,0.9900552486187846,0.9867836838322102,5376,5430,1e-05,373.99743604660034
17,0.024189084135852513,0.9919442078854697,0.0338113251548902,0.9904235727440147,0.9869593601511949,5378,5430,1e-05,374.80369687080383
18,0.02387832049454464,0.9924275554123415,0.03497350565082418,0.9900552486187846,0.9858761675308958,5376,5430,1e-05,371.42172598838806
19,0.02280689984638725,0.9923354892167469,0.03479755898378964,0.9902394106813996,0.9861502520826979,5377,5430,1e-05,373.8913390636444
