path,label,class_name
color/Apple___Apple_scab/11f5b020-3dfd-400c-9819-7d229bc5f929___FREC_Scab 2945.JPG,0,Apple___Apple_scab
color/Apple___Apple_scab/12bc3d5c-2409-426e-b6cb-a08cbf488153___FREC_Scab 3154.JPG,0,Apple___Apple_scab
color/Apple___Apple_scab/2c7ca7c8-1a6c-4811-b9b0-b054c11a5397___FREC_Scab 3260.JPG,0,Apple___Apple_scab
color/Apple___Apple_scab/7897b5dc-7aa6-48b2-8c18-a30fcd6cae94___FREC_Scab 3203.JPG,0,Apple___Apple_scab
color/Apple___Apple_scab/97294a06-04ae-440f-b130-ddff2817c727___FREC_Scab 3372.JPG,0,Apple___Apple_scab
color/Apple___Apple_scab/c3d356bb-504c-48f7-b7aa-4feb5c009d6d___FREC_Scab 3383.JPG,0,Apple___Apple_scab
color/Apple___Apple_scab/d480dbfb-ce18-40cf-a183-9bc52ec9195d___FREC_Scab 3303.JPG,0,Apple___Apple_scab
color/Apple___Apple_scab/debd9885-73c5-4ba8-9a95-f820846cec77___FREC_Scab 3433.JPG,0,Apple___Apple_scab
color/Apple___Apple_scab/f79c50ef-d89d-4371-b581-810b37eb2ac9___FREC_Scab 3255.JPG,0,Apple___Apple_scab
color/Apple___Apple_scab/fbd09d7f-e816-408a-946e-e4009ec8cae1___FREC_Scab 3289.JPG,0,Apple___Apple_scab
color/Apple___Black_rot/1cdac481-1275-4228-a2ca-e3deaf268ffc___JR_FrgE.S 2897.JPG,1,Apple___Black_rot
color/Apple___Black_rot/4c42eeae-508c-4ccd-b2d8-b720808bc28c___JR_FrgE.S 3020.JPG,1,Apple___Black_rot
color/Apple___Black_rot/538ae10f-3137-4050-86f1-7439bc80e364___JR_FrgE.S 2766.JPG,1,Apple___Black_rot
color/Apple___Black_rot/56473ed3-436d-4ee1-842a-02bc4fba12e7___JR_FrgE.S 2847.JPG,1,Apple___Black_rot
color/Apple___Black_rot/5c857785-58d0-4e74-8fff-dce904538692___JR_FrgE.S 2790.JPG,1,Apple___Black_rot
color/Apple___Black_rot/719f24ab-9127-4a77-9f7e-7b47acb9f977___JR_FrgE.S 8802.JPG,1,Apple___Black_rot
color/Apple___Black_rot/789c7185-b853-4638-b621-03ee71ce0c7e___JR_FrgE.S 8641.JPG,1,Apple___Black_rot
color/Apple___Black_rot/b766b27a-cc4c-432f-a6cd-48eb65bf556b___JR_FrgE.S 2921.JPG,1,Apple___Black_rot
color/Apple___Black_rot/d2313a95-61dd-45de-a8b8-3c2992e2b97f___JR_FrgE.S 8652.JPG,1,Apple___Black_rot
color/Apple___Black_rot/d6a4afb8-a539-4851-b29f-2469a48d8591___JR_FrgE.S 8772.JPG,1,Apple___Black_rot
color/Apple___Cedar_apple_rust/04da297e-5238-41b1-a8a0-0c87c6c2f21f___FREC_C.Rust 4394.JPG,2,Apple___Cedar_apple_rust
color/Apple___Cedar_apple_rust/27d7abba-647b-4f0c-aa4a-3978dccd4f5b___FREC_C.Rust 4092.JPG,2,Apple___Cedar_apple_rust
color/Apple___Cedar_apple_rust/2dd8a8e6-8774-49a9-a712-9fa6b9ef21f3___FREC_C.Rust 3594.JPG,2,Apple___Cedar_apple_rust
color/Apple___Cedar_apple_rust/3fe25d8e-4497-49bd-b4e0-9c7dd3c3c6cd___FREC_C.Rust 9960.JPG,2,Apple___Cedar_apple_rust
color/Apple___Cedar_apple_rust/43850a33-b2c2-4d67-aa90-685f8f76da3a___FREC_C.Rust 3664.JPG,2,Apple___Cedar_apple_rust
color/Apple___Cedar_apple_rust/4e469367-da28-4b4b-a06e-18d64f0433bc___FREC_C.Rust 4014.JPG,2,Apple___Cedar_apple_rust
color/Apple___Cedar_apple_rust/6ddafe85-27e6-4ca2-915f-2db6015cdf29___FREC_C.Rust 3983.JPG,2,Apple___Cedar_apple_rust
color/Apple___Cedar_apple_rust/b83383d6-f476-412f-b8b8-6965a795ef7b___FREC_C.Rust 3541.JPG,2,Apple___Cedar_apple_rust
color/Apple___Cedar_apple_rust/e4b8b876-3bfa-4e82-bb17-92293b4b5be8___FREC_C.Rust 4170.JPG,2,Apple___Cedar_apple_rust
color/Apple___Cedar_apple_rust/edf726ff-0eff-46a5-90d3-23badf249c46___FREC_C.Rust 9972.JPG,2,Apple___Cedar_apple_rust
color/Apple___healthy/1c2b0674-384b-4cad-8704-80781a89d78a___RS_HL 5848.JPG,3,Apple___healthy
color/Apple___healthy/52cf2701-f319-4b3e-b6fb-8071f2f09ca9___RS_HL 8191.JPG,3,Apple___healthy
color/Apple___healthy/57113348-f0fa-49d9-9d53-46edc4ae7bdb___RS_HL 6215.JPG,3,Apple___healthy
color/Apple___healthy/5ee4cb1c-d933-4e89-b364-9b740b48e077___RS_HL 6224.JPG,3,Apple___healthy
color/Apple___healthy/9e5f1beb-8245-4775-8298-4cb787b3f897___RS_HL 5854.JPG,3,Apple___healthy
color/Apple___healthy/ad7674f8-ff0c-43f8-9bb7-1c347ba197fe___RS_HL 7812.JPG,3,Apple___healthy
color/Apple___healthy/af413561-59ca-4d3a-9e7d-34711b946db4___RS_HL 6298.JPG,3,Apple___healthy
color/Apple___healthy/dbe783c1-f25b-4c7b-9151-4f4abab0ec31___RS_HL 5701.JPG,3,Apple___healthy
color/Apple___healthy/e2799f4e-65ba-4f57-aa7d-9ac6cfa6c300___RS_HL 6265.JPG,3,Apple___healthy
color/Apple___healthy/ee93a9cb-b4e5-4ad6-874b-caff1370f5bd___RS_HL 8142.JPG,3,Apple___healthy
color/Blueberry___healthy/1de225bb-459c-47f5-8fc8-f2ac861e9a41___RS_HL 5054.JPG,4,Blueberry___healthy
color/Blueberry___healthy/270f5027-2a51-4fa2-b17a-73b72b6683ba___RS_HL 0600.JPG,4,Blueberry___healthy
color/Blueberry___healthy/454e845a-6d34-46de-9b6a-2e0f9ee722bd___RS_HL 2516.JPG,4,Blueberry___healthy
color/Blueberry___healthy/5e86e080-dfc5-4ae7-b1d8-7a4d5b281ddf___RS_HL 4984.JPG,4,Blueberry___healthy
color/Blueberry___healthy/7764007d-f36f-4c08-8a85-2fdc982a603e___RS_HL 5329.JPG,4,Blueberry___healthy
color/Blueberry___healthy/97983f41-504d-42f2-ad5d-06fae1f90955___RS_HL 5483.JPG,4,Blueberry___healthy
color/Blueberry___healthy/9d9bcf84-edd8-40b3-9b48-bacb38e38a90___RS_HL 0701.JPG,4,Blueberry___healthy
color/Blueberry___healthy/b32d81b2-1af0-4455-a493-f22019488da2___RS_HL 5128.JPG,4,Blueberry___healthy
color/Blueberry___healthy/daa9d318-2105-4029-8900-4483c1fcd3bd___RS_HL 5265.JPG,4,Blueberry___healthy
color/Blueberry___healthy/ee402ac1-e0aa-41f0-8c40-e9e14efcc7d5___RS_HL 0328.JPG,4,Blueberry___healthy
color/Cherry_(including_sour)___Powdery_mildew/00705aa7-5ea2-4419-9440-8ba65e108eb9___FREC_Pwd.M 0267.JPG,5,Cherry_(including_sour)___Powdery_mildew
color/Cherry_(including_sour)___Powdery_mildew/10729db2-3c76-406c-921a-90efaac37016___FREC_Pwd.M 0293.JPG,5,Cherry_(including_sour)___Powdery_mildew
color/Cherry_(including_sour)___Powdery_mildew/1a6892ee-0f34-475b-b11b-5fc26de6b6d6___FREC_Pwd.M 5041.JPG,5,Cherry_(including_sour)___Powdery_mildew
color/Cherry_(including_sour)___Powdery_mildew/20eb5eb7-f33c-4e22-bb64-41656c02f1ae___FREC_Pwd.M 4986.JPG,5,Cherry_(including_sour)___Powdery_mildew
color/Cherry_(including_sour)___Powdery_mildew/30ba2ad1-d339-44c8-a41f-5798b867600a___FREC_Pwd.M 5020.JPG,5,Cherry_(including_sour)___Powdery_mildew
color/Cherry_(including_sour)___Powdery_mildew/a9235bc4-a3f3-4b9e-8e28-d7b2e18bca51___FREC_Pwd.M 0462.JPG,5,Cherry_(including_sour)___Powdery_mildew
color/Cherry_(including_sour)___Powdery_mildew/ad7637de-7c1f-4ec7-a3d6-14032337a6c3___FREC_Pwd.M 5163.JPG,5,Cherry_(including_sour)___Powdery_mildew
color/Cherry_(including_sour)___Powdery_mildew/cd4b605b-2ca6-4a6c-8c32-9115ec106c1d___FREC_Pwd.M 5017.JPG,5,Cherry_(including_sour)___Powdery_mildew
color/Cherry_(including_sour)___Powdery_mildew/cd8572da-75c4-4388-a20b-25c136aee122___FREC_Pwd.M 0476.JPG,5,Cherry_(including_sour)___Powdery_mildew
color/Cherry_(including_sour)___Powdery_mildew/ce5efd4e-f2cb-47ac-9544-69291614286d___FREC_Pwd.M 5073.JPG,5,Cherry_(including_sour)___Powdery_mildew
color/Cherry_(including_sour)___healthy/050b598c-9105-4838-8996-101568d6941e___JR_HL 9732.JPG,6,Cherry_(including_sour)___healthy
color/Cherry_(including_sour)___healthy/1d981f31-74e1-4903-9e08-0475f632a5e3___JR_HL 9458.JPG,6,Cherry_(including_sour)___healthy
color/Cherry_(including_sour)___healthy/263c668e-176b-4e17-8065-37083fb8607b___JR_HL 4146.JPG,6,Cherry_(including_sour)___healthy
color/Cherry_(including_sour)___healthy/385e8ead-27ad-4c17-a553-5a55788936d3___JR_HL 9889.JPG,6,Cherry_(including_sour)___healthy
color/Cherry_(including_sour)___healthy/6a08468a-7a0a-4bfb-8817-12c98be1f4ec___JR_HL 4036.JPG,6,Cherry_(including_sour)___healthy
color/Cherry_(including_sour)___healthy/6b48e9d2-23b5-4fed-8f93-f4ca90ffb34d___JR_HL 9612.JPG,6,Cherry_(including_sour)___healthy
color/Cherry_(including_sour)___healthy/705108ce-01cc-4bf5-b92b-bdd4dfd3cabd___JR_HL 4001.JPG,6,Cherry_(including_sour)___healthy
color/Cherry_(including_sour)___healthy/8c2ca351-4aeb-4da9-9e5b-8905509cf148___JR_HL 9683.JPG,6,Cherry_(including_sour)___healthy
color/Cherry_(including_sour)___healthy/a0816ba7-dc4a-432a-85fc-79d2aa1b8f96___JR_HL 4047.JPG,6,Cherry_(including_sour)___healthy
color/Cherry_(including_sour)___healthy/a4e6ad37-83aa-4eec-ad15-339ba1cd9b70___JR_HL 9484.JPG,6,Cherry_(including_sour)___healthy
color/Corn_(maize)___Cercospora_leaf_spot Gray_leaf_spot/137762d7-fcd5-405c-a4d5-4096321951d0___RS_GLSp 9345.JPG,7,Corn_(maize)___Cercospora_leaf_spot Gray_leaf_spot
color/Corn_(maize)___Cercospora_leaf_spot Gray_leaf_spot/398cdfcf-3bc5-486c-ab4e-8bce2f2bbc23___RS_GLSp 9333.JPG,7,Corn_(maize)___Cercospora_leaf_spot Gray_leaf_spot
color/Corn_(maize)___Cercospora_leaf_spot Gray_leaf_spot/52acf240-2625-4b4c-8484-6c93e998b115___RS_GLSp 7337.JPG,7,Corn_(maize)___Cercospora_leaf_spot Gray_leaf_spot
color/Corn_(maize)___Cercospora_leaf_spot Gray_leaf_spot/5dcd9141-4aaf-41c7-94a5-0af587f0a58c___RS_GLSp 4391.JPG,7,Corn_(maize)___Cercospora_leaf_spot Gray_leaf_spot
color/Corn_(maize)___Cercospora_leaf_spot Gray_leaf_spot/648f5a4f-9fb5-486f-97ac-918c5804ab53___RS_GLSp 4370.JPG,7,Corn_(maize)___Cercospora_leaf_spot Gray_leaf_spot
color/Corn_(maize)___Cercospora_leaf_spot Gray_leaf_spot/81a4c5ce-8c96-43e6-8391-415465688419___RS_GLSp 9274.JPG,7,Corn_(maize)___Cercospora_leaf_spot Gray_leaf_spot
color/Corn_(maize)___Cercospora_leaf_spot Gray_leaf_spot/910679a5-f18d-40ac-a00e-9e2c27a45610___RS_GLSp 9327.JPG,7,Corn_(maize)___Cercospora_leaf_spot Gray_leaf_spot
color/Corn_(maize)___Cercospora_leaf_spot Gray_leaf_spot/a0061e48-b26c-4610-933a-b4f4ce341707___RS_GLSp 7333.JPG,7,Corn_(maize)___Cercospora_leaf_spot Gray_leaf_spot
color/Corn_(maize)___Cercospora_leaf_spot Gray_leaf_spot/b3a3ae35-860d-4d65-af43-faa13c3d2834___RS_GLSp 9272.JPG,7,Corn_(maize)___Cercospora_leaf_spot Gray_leaf_spot
color/Corn_(maize)___Cercospora_leaf_spot Gray_leaf_spot/ef0479e0-c62b-4a8f-a5c6-1957d0a77c8f___RS_GLSp 4396.JPG,7,Corn_(maize)___Cercospora_leaf_spot Gray_leaf_spot
color/Corn_(maize)___Common_rust_/RS_Rust 1660.JPG,8,Corn_(maize)___Common_rust_
color/Corn_(maize)___Common_rust_/RS_Rust 1816.JPG,8,Corn_(maize)___Common_rust_
color/Corn_(maize)___Common_rust_/RS_Rust 1981.JPG,8,Corn_(maize)___Common_rust_
color/Corn_(maize)___Common_rust_/RS_Rust 2060.JPG,8,Corn_(maize)___Common_rust_
color/Corn_(maize)___Common_rust_/RS_Rust 2118.JPG,8,Corn_(maize)___Common_rust_
color/Corn_(maize)___Common_rust_/RS_Rust 2233.JPG,8,Corn_(maize)___Common_rust_
color/Corn_(maize)___Common_rust_/RS_Rust 2278.JPG,8,Corn_(maize)___Common_rust_
color/Corn_(maize)___Common_rust_/RS_Rust 2407.JPG,8,Corn_(maize)___Common_rust_
color/Corn_(maize)___Common_rust_/RS_Rust 2495.JPG,8,Corn_(maize)___Common_rust_
color/Corn_(maize)___Common_rust_/RS_Rust 2753.JPG,8,Corn_(maize)___Common_rust_
color/Corn_(maize)___Northern_Leaf_Blight/1a367958-51c4-4ebf-86ae-d6a5dc7e1114___RS_NLB 0770.JPG,9,Corn_(maize)___Northern_Leaf_Blight
color/Corn_(maize)___Northern_Leaf_Blight/29955528-2271-4b76-9ca9-99a48405f40e___RS_NLB 3603.JPG,9,Corn_(maize)___Northern_Leaf_Blight
color/Corn_(maize)___Northern_Leaf_Blight/6728afe3-9ab4-4235-b7e3-5b9ee80b6675___RS_NLB 3605.JPG,9,Corn_(maize)___Northern_Leaf_Blight
color/Corn_(maize)___Northern_Leaf_Blight/787cbc30-5598-46f4-b757-a9d65f0d5803___RS_NLB 3972.JPG,9,Corn_(maize)___Northern_Leaf_Blight
color/Corn_(maize)___Northern_Leaf_Blight/9e657ac4-0de6-4ba4-b10c-49a5e8a1fa4d___RS_NLB 4174.JPG,9,Corn_(maize)___Northern_Leaf_Blight
color/Corn_(maize)___Northern_Leaf_Blight/a3e748ad-0428-4758-8fdd-8887432b9724___RS_NLB 3864.JPG,9,Corn_(maize)___Northern_Leaf_Blight
color/Corn_(maize)___Northern_Leaf_Blight/acfc653f-44e2-41f6-85cd-3595a6fd7455___RS_NLB 3840.JPG,9,Corn_(maize)___Northern_Leaf_Blight
color/Corn_(maize)___Northern_Leaf_Blight/b3e502f1-8ab4-4591-938d-35774dcd5fbc___RS_NLB 3962 copy 2.jpg,9,Corn_(maize)___Northern_Leaf_Blight
color/Corn_(maize)___Northern_Leaf_Blight/ddd3bb1b-ef88-4426-a7bb-2b61422df6e2___RS_NLB 4057 copy3.jpg,9,Corn_(maize)___Northern_Leaf_Blight
color/Corn_(maize)___Northern_Leaf_Blight/ebb837be-867e-417a-8a0a-04fd3f0570ba___RS_NLB 4087.JPG,9,Corn_(maize)___Northern_Leaf_Blight
color/Corn_(maize)___healthy/184d5681-6ec2-448b-8474-f7392faec235___R.S_HL 7975 copy.jpg,10,Corn_(maize)___healthy
color/Corn_(maize)___healthy/21f7da6b-c22e-4f1a-9a22-39aaaa6cc38a___R.S_HL 5551 copy.jpg,10,Corn_(maize)___healthy
color/Corn_(maize)___healthy/44f2a3c4-6e69-40d8-9aec-ba79a37a767d___R.S_HL 5529 copy.jpg,10,Corn_(maize)___healthy
color/Corn_(maize)___healthy/48296a13-4359-4df3-b19d-d457c14721ba___R.S_HL 8157 copy 2.jpg,10,Corn_(maize)___healthy
color/Corn_(maize)___healthy/9fd2b7a7-1ac4-4e6e-9c6a-34bacd208df2___R.S_HL 8341 copy.jpg,10,Corn_(maize)___healthy
color/Corn_(maize)___healthy/a3682b13-aca2-47d1-8e75-d7640e97af0a___R.S_HL 8006 copy.jpg,10,Corn_(maize)___healthy
color/Corn_(maize)___healthy/adde8d22-15d9-42a5-a75d-6befa661ff4d___R.S_HL 8012 copy.jpg,10,Corn_(maize)___healthy
color/Corn_(maize)___healthy/e6f7d1d1-3233-472b-bc11-597eeb02a120___R.S_HL 0596 copy 3.jpg,10,Corn_(maize)___healthy
color/Corn_(maize)___healthy/ef21bc27-7f69-4eba-87e2-6b1f348cc846___R.S_HL 8279 copy.jpg,10,Corn_(maize)___healthy
color/Corn_(maize)___healthy/f8f42808-dfeb-4d02-9a92-cdb138ad28b5___R.S_HL 7988 copy.jpg,10,Corn_(maize)___healthy
color/Grape___Black_rot/1ccd890e-9e06-44cf-8495-8f229e7bb89b___FAM_B.Rot 3614.JPG,11,Grape___Black_rot
color/Grape___Black_rot/1d482244-3c8c-40fa-8a40-a0ad06ae1e7b___FAM_B.Rot 5100.JPG,11,Grape___Black_rot
color/Grape___Black_rot/416b800e-ab38-4fa1-8de8-54768869dd1d___FAM_B.Rot 3313.JPG,11,Grape___Black_rot
color/Grape___Black_rot/48b865b5-e7c6-45f1-994a-b2b1adc2cff5___FAM_B.Rot 3379.JPG,11,Grape___Black_rot
color/Grape___Black_rot/61fff4d4-7012-4171-bfed-5ca53f55abdb___FAM_B.Rot 0352.JPG,11,Grape___Black_rot
color/Grape___Black_rot/68083fb3-c433-43d8-a509-7435803558fc___FAM_B.Rot 3185.JPG,11,Grape___Black_rot
color/Grape___Black_rot/a5b05492-d59b-41ad-9fc5-0d383bf3d51a___FAM_B.Rot 0734.JPG,11,Grape___Black_rot
color/Grape___Black_rot/af11a589-7f6f-4460-80ab-d911e09e3854___FAM_B.Rot 0701.JPG,11,Grape___Black_rot
color/Grape___Black_rot/b43c8a3c-8b2b-44b4-9f42-cf7033a0873b___FAM_B.Rot 3056.JPG,11,Grape___Black_rot
color/Grape___Black_rot/f5305b02-0f2c-44a4-a572-69a00304687b___FAM_B.Rot 0714.JPG,11,Grape___Black_rot
color/Grape___Esca_(Black_Measles)/019afd88-6645-44c4-a5d2-bd583b877a50___FAM_B.Msls 1744.JPG,12,Grape___Esca_(Black_Measles)
color/Grape___Esca_(Black_Measles)/27336e68-c6e0-4546-9a21-723f04f0aed7___FAM_B.Msls 1351.JPG,12,Grape___Esca_(Black_Measles)
color/Grape___Esca_(Black_Measles)/5d4e73de-dec1-4b86-bf84-30d4389a14ce___FAM_B.Msls 0836.JPG,12,Grape___Esca_(Black_Measles)
color/Grape___Esca_(Black_Measles)/5d6ab00e-8d19-464e-b8fa-720307aebff0___FAM_B.Msls 0855.JPG,12,Grape___Esca_(Black_Measles)
color/Grape___Esca_(Black_Measles)/68c494f0-3238-4210-96c2-cec0c87ad150___FAM_B.Msls 4492.JPG,12,Grape___Esca_(Black_Measles)
color/Grape___Esca_(Black_Measles)/6fba0907-14aa-44d4-96ac-6a40ef299939___FAM_B.Msls 4026.JPG,12,Grape___Esca_(Black_Measles)
color/Grape___Esca_(Black_Measles)/9d93be0b-7679-48cd-ba9f-aea60ccb2f86___FAM_B.Msls 0906.JPG,12,Grape___Esca_(Black_Measles)
color/Grape___Esca_(Black_Measles)/ac7c985b-e1bb-48ec-970e-abe18934141a___FAM_B.Msls 4298.JPG,12,Grape___Esca_(Black_Measles)
color/Grape___Esca_(Black_Measles)/afca0404-11b1-4b5f-8e10-92d578903ef4___FAM_B.Msls 1119.JPG,12,Grape___Esca_(Black_Measles)
color/Grape___Esca_(Black_Measles)/c20579bd-2605-4607-85e4-1db4efc53f1f___FAM_B.Msls 4096.JPG,12,Grape___Esca_(Black_Measles)
color/Grape___Leaf_blight_(Isariopsis_Leaf_Spot)/1c06dffd-9263-4da5-85a0-01f5a32db1a6___FAM_L.Blight 3679.JPG,13,Grape___Leaf_blight_(Isariopsis_Leaf_Spot)
color/Grape___Leaf_blight_(Isariopsis_Leaf_Spot)/338dd61a-290b-43e4-9f7d-022bd918aa58___FAM_L.Blight 4949.JPG,13,Grape___Leaf_blight_(Isariopsis_Leaf_Spot)
color/Grape___Leaf_blight_(Isariopsis_Leaf_Spot)/3811882d-86ff-4273-b036-4a3d7a9d502a___FAM_L.Blight 4944.JPG,13,Grape___Leaf_blight_(Isariopsis_Leaf_Spot)
color/Grape___Leaf_blight_(Isariopsis_Leaf_Spot)/398a958e-6dbb-43e3-aea5-27b9982e9fe4___FAM_L.Blight 4864.JPG,13,Grape___Leaf_blight_(Isariopsis_Leaf_Spot)
color/Grape___Leaf_blight_(Isariopsis_Leaf_Spot)/541f3b53-c19f-4226-858b-614bc11c9749___FAM_L.Blight 4916.JPG,13,Grape___Leaf_blight_(Isariopsis_Leaf_Spot)
color/Grape___Leaf_blight_(Isariopsis_Leaf_Spot)/598bae53-ccaf-478c-b593-e96b6c0591fd___FAM_L.Blight 1570.JPG,13,Grape___Leaf_blight_(Isariopsis_Leaf_Spot)
color/Grape___Leaf_blight_(Isariopsis_Leaf_Spot)/746bd127-28d3-4392-86bb-0bbc9db50478___FAM_L.Blight 4558.JPG,13,Grape___Leaf_blight_(Isariopsis_Leaf_Spot)
color/Grape___Leaf_blight_(Isariopsis_Leaf_Spot)/b2782d03-fed9-4964-bb41-aeb868271624___FAM_L.Blight 1602.JPG,13,Grape___Leaf_blight_(Isariopsis_Leaf_Spot)
color/Grape___Leaf_blight_(Isariopsis_Leaf_Spot)/bb7ff2bc-e51e-4ba4-bdd0-569aa0948d0f___FAM_L.Blight 4763.JPG,13,Grape___Leaf_blight_(Isariopsis_Leaf_Spot)
color/Grape___Leaf_blight_(Isariopsis_Leaf_Spot)/c8dfc587-128e-4e81-a03d-31e408b7b2ad___FAM_L.Blight 4517.JPG,13,Grape___Leaf_blight_(Isariopsis_Leaf_Spot)
color/Grape___healthy/03492a0d-6ad7-42ec-a742-c2f1fa59499a___Mt.N.V_HL 6035.JPG,14,Grape___healthy
color/Grape___healthy/1abe34b9-186b-4a90-a3a3-855005ff50f5___Mt.N.V_HL 9033.JPG,14,Grape___healthy
color/Grape___healthy/2c4e117b-0a0f-43d0-93b5-88b2e77d272a___Mt.N.V_HL 6151.JPG,14,Grape___healthy
color/Grape___healthy/3220429c-841d-4267-90d5-1a23d658d068___Mt.N.V_HL 8919.JPG,14,Grape___healthy
color/Grape___healthy/603a6e76-4457-4ac2-a549-1560c7c1cf30___Mt.N.V_HL 9065.JPG,14,Grape___healthy
color/Grape___healthy/6dc550f9-1939-4184-8efd-4afd6508ae3c___Mt.N.V_HL 9026.JPG,14,Grape___healthy
color/Grape___healthy/87c9d8e2-3009-4e40-9db4-8fe35ab76599___Mt.N.V_HL 6058.JPG,14,Grape___healthy
color/Grape___healthy/8af21b75-7158-4286-acdf-ef35cf54fe26___Mt.N.V_HL 6116.JPG,14,Grape___healthy
color/Grape___healthy/8b8654fb-cbc0-4761-9d86-1982c9fe1609___Mt.N.V_HL 8962.JPG,14,Grape___healthy
color/Grape___healthy/d5fe4316-44da-4fd9-a608-75908ad76862___Mt.N.V_HL 6143.JPG,14,Grape___healthy
color/Orange___Haunglongbing_(Citrus_greening)/2400d1a1-ff98-40e4-ab16-28f91621cac9___CREC_HLB 7879.JPG,15,Orange___Haunglongbing_(Citrus_greening)
color/Orange___Haunglongbing_(Citrus_greening)/41945925-c16b-41d1-8190-f39cca86b463___CREC_HLB 6687.JPG,15,Orange___Haunglongbing_(Citrus_greening)
color/Orange___Haunglongbing_(Citrus_greening)/4efeabb7-f487-4234-8237-ea73e71e20cb___CREC_HLB 7493.JPG,15,Orange___Haunglongbing_(Citrus_greening)
color/Orange___Haunglongbing_(Citrus_greening)/73cf31b8-47bb-483e-ba8d-51e5cf47d636___CREC_HLB 7595.JPG,15,Orange___Haunglongbing_(Citrus_greening)
color/Orange___Haunglongbing_(Citrus_greening)/82c8ab12-507d-4cdd-b135-eb38035012b5___CREC_HLB 5693.JPG,15,Orange___Haunglongbing_(Citrus_greening)
color/Orange___Haunglongbing_(Citrus_greening)/854b7be2-8fcf-4ae3-b0f6-bed99a25adc3___UF.Citrus_HLB_Lab 0527.JPG,15,Orange___Haunglongbing_(Citrus_greening)
color/Orange___Haunglongbing_(Citrus_greening)/89b06494-a7ca-4aa5-9c03-cf91d48c767c___UF.Citrus_HLB_Lab 0874.JPG,15,Orange___Haunglongbing_(Citrus_greening)
color/Orange___Haunglongbing_(Citrus_greening)/c41054d6-3723-4894-a529-2b00517acaad___UF.Citrus_HLB_Lab 1271.JPG,15,Orange___Haunglongbing_(Citrus_greening)
color/Orange___Haunglongbing_(Citrus_greening)/e9e86ef7-bd4e-4595-a333-6ff5c8524314___CREC_HLB 7545.JPG,15,Orange___Haunglongbing_(Citrus_greening)
color/Orange___Haunglongbing_(Citrus_greening)/ef54dcce-1e1d-42e2-87bc-63b7d465066c___UF.Citrus_HLB_Lab 0822.JPG,15,Orange___Haunglongbing_(Citrus_greening)
color/Peach___Bacterial_spot/1ce95fc0-f6dc-4097-baf3-9a0ae9a187a7___Rut._Bact.S 1546.JPG,16,Peach___Bacterial_spot
color/Peach___Bacterial_spot/2224b5a9-7aed-4800-a1f6-5372205c4007___Rutg._Bact.S 1950.JPG,16,Peach___Bacterial_spot
color/Peach___Bacterial_spot/248e44ab-7b89-49ec-959b-d863b499f033___Rutg._Bact.S 2162.JPG,16,Peach___Bacterial_spot
color/Peach___Bacterial_spot/4bb77a53-989d-4ed6-a533-102414fe28a8___Rut._Bact.S 1117.JPG,16,Peach___Bacterial_spot
color/Peach___Bacterial_spot/4ffcd86b-b12a-49ec-8db7-af50ff2987e5___Rutg._Bact.S 1389.JPG,16,Peach___Bacterial_spot
color/Peach___Bacterial_spot/525b30f6-6680-4b00-8b78-e0b0ed6be12c___Rutg._Bact.S 1314.JPG,16,Peach___Bacterial_spot
color/Peach___Bacterial_spot/8a3977c3-f738-4bff-ac10-0ffd20be5dfa___Rut._Bact.S 1272.JPG,16,Peach___Bacterial_spot
color/Peach___Bacterial_spot/8f8e4075-b775-441a-acac-c230b781088e___Rutg._Bact.S 1285.JPG,16,Peach___Bacterial_spot
color/Peach___Bacterial_spot/abd56cde-5ff8-49b2-89b5-afcb071ddda4___Rut._Bact.S 0867.JPG,16,Peach___Bacterial_spot
color/Peach___Bacterial_spot/ac94949a-32b1-427d-acb1-cb459c8b8d45___Rutg._Bact.S 1347.JPG,16,Peach___Bacterial_spot
color/Peach___healthy/06fdeacf-ac44-4af3-9541-25c77806b8e1___Rutg._HL 3549.JPG,17,Peach___healthy
color/Peach___healthy/0a4795b0-5144-4dea-a7ed-b6243416e8d0___Rutg._HL 3530.JPG,17,Peach___healthy
color/Peach___healthy/19baaa3d-d7ee-4806-a3a8-fa8164252be0___Rutg._HL 3635.JPG,17,Peach___healthy
color/Peach___healthy/2eb97962-8ff4-43a9-84f7-3e67768963d9___Rutg._HL 3696.JPG,17,Peach___healthy
color/Peach___healthy/3c8a7113-9e2a-4925-84c0-7c0991e4aae1___Rutg._HL 3749.JPG,17,Peach___healthy
color/Peach___healthy/40ce83b6-18b2-4f97-9f01-f151e5bef4dc___Rutg._HL 3555.JPG,17,Peach___healthy
color/Peach___healthy/814d98ab-0c6e-493b-ad41-c7e108ddc851___Rutg._HL 2481.JPG,17,Peach___healthy
color/Peach___healthy/abe034fc-a97d-4726-9d7c-13eff2ebce17___Rutg._HL 3683.JPG,17,Peach___healthy
color/Peach___healthy/b3e112e1-5168-46b3-9e6b-80f8981f82b2___Rutg._HL 3545.JPG,17,Peach___healthy
color/Peach___healthy/e1ed1265-dbbe-4158-a7d6-386cdbc23bac___Rutg._HL 3657.JPG,17,Peach___healthy
"color/Pepper,_bell___Bacterial_spot/080b107a-192f-40ce-8942-d8ccca8dfc52___NREC_B.Spot 1872.JPG",18,"Pepper,_bell___Bacterial_spot"
"color/Pepper,_bell___Bacterial_spot/22fff6df-23e0-4160-b9d8-166168d03147___NREC_B.Spot 9117.JPG",18,"Pepper,_bell___Bacterial_spot"
"color/Pepper,_bell___Bacterial_spot/2bb75692-d488-406d-bce0-c7eab42557c5___NREC_B.Spot 1922.JPG",18,"Pepper,_bell___Bacterial_spot"
"color/Pepper,_bell___Bacterial_spot/3ff12256-cb79-4a74-8c2f-2df51b31d646___NREC_B.Spot 9242.JPG",18,"Pepper,_bell___Bacterial_spot"
"color/Pepper,_bell___Bacterial_spot/7b371f7e-a8de-4b89-812d-0526237a6fea___JR_B.Spot 3404.JPG",18,"Pepper,_bell___Bacterial_spot"
"color/Pepper,_bell___Bacterial_spot/820a7257-dc1d-46af-ba5a-b006c35fc1b1___JR_B.Spot 3116.JPG",18,"Pepper,_bell___Bacterial_spot"
"color/Pepper,_bell___Bacterial_spot/8c9e49b1-c4ee-402e-b31b-a7b33e887d0c___JR_B.Spot 3313.JPG",18,"Pepper,_bell___Bacterial_spot"
"color/Pepper,_bell___Bacterial_spot/d46517ef-7359-469f-9dd3-c8669c6cd889___NREC_B.Spot 1902.JPG",18,"Pepper,_bell___Bacterial_spot"
"color/Pepper,_bell___Bacterial_spot/da357d28-8de5-4d71-9c44-3a5ea8dbb476___NREC_B.Spot 1910.JPG",18,"Pepper,_bell___Bacterial_spot"
"color/Pepper,_bell___Bacterial_spot/eaef6117-c055-401a-8851-cec16787b5d8___JR_B.Spot 3278.JPG",18,"Pepper,_bell___Bacterial_spot"
"color/Pepper,_bell___healthy/035746b5-cbe6-4e5d-9c3a-4bfc5c6cf5a1___JR_HL 7728.JPG",19,"Pepper,_bell___healthy"
"color/Pepper,_bell___healthy/1daf2391-f049-4e01-b229-ffd7c00a1b73___JR_HL 8119.JPG",19,"Pepper,_bell___healthy"
"color/Pepper,_bell___healthy/44b451a2-318d-4329-a54b-fc44ea29ccfe___JR_HL 8147.JPG",19,"Pepper,_bell___healthy"
"color/Pepper,_bell___healthy/568a1f4a-c07c-48a5-8ea6-64b48008e85c___JR_HL 7616.JPG",19,"Pepper,_bell___healthy"
"color/Pepper,_bell___healthy/5b415704-c5f6-4d94-9ab9-29340b7a3b8f___JR_HL 5971.JPG",19,"Pepper,_bell___healthy"
"color/Pepper,_bell___healthy/7a44481e-a02a-4174-9927-b2ded2888da9___JR_HL 7966.JPG",19,"Pepper,_bell___healthy"
"color/Pepper,_bell___healthy/87000a42-0484-45ed-96c1-14b6fa9895e5___JR_HL 7650.JPG",19,"Pepper,_bell___healthy"
"color/Pepper,_bell___healthy/c0cc5199-5c3e-4bf1-acb5-3b38d26a3938___JR_HL 8781.JPG",19,"Pepper,_bell___healthy"
"color/Pepper,_bell___healthy/d270bd0e-c248-4bbd-8aa8-fd4a13351772___JR_HL 8346.JPG",19,"Pepper,_bell___healthy"
"color/Pepper,_bell___healthy/db39cf0e-cfe0-49d1-a5ed-5d69faa26507___JR_HL 8756.JPG",19,"Pepper,_bell___healthy"
color/Potato___Early_blight/00d8f10f-5038-4e0f-bb58-0b885ddc0cc5___RS_Early.B 8722.JPG,20,Potato___Early_blight
color/Potato___Early_blight/13ddd965-db42-4392-9798-fe0ba5ad7928___RS_Early.B 7631.JPG,20,Potato___Early_blight
color/Potato___Early_blight/1a38f06b-da2a-4c57-bef1-a73254896403___RS_Early.B 9178.JPG,20,Potato___Early_blight
color/Potato___Early_blight/25703c4f-ec40-4099-b249-a4fd07b07752___RS_Early.B 7040.JPG,20,Potato___Early_blight
color/Potato___Early_blight/306c45ac-6f97-4b7e-9fad-1c8c39870138___RS_Early.B 7673.JPG,20,Potato___Early_blight
color/Potato___Early_blight/4699d1d8-f931-4b1c-8fd4-03a58350a86d___RS_Early.B 8972.JPG,20,Potato___Early_blight
color/Potato___Early_blight/dcc46f93-d842-496d-980b-4b29a00551d5___RS_Early.B 8424.JPG,20,Potato___Early_blight
color/Potato___Early_blight/e7b48816-19f7-4dc2-bf52-dfbb85e1f59a___RS_Early.B 7240.JPG,20,Potato___Early_blight
color/Potato___Early_blight/ec9ea109-34c7-48c5-bbac-40a36b21fa05___RS_Early.B 8761.JPG,20,Potato___Early_blight
color/Potato___Early_blight/fbc7567e-ce08-4ad0-b8fe-ffd98296ce02___RS_Early.B 8607.JPG,20,Potato___Early_blight
color/Potato___Late_blight/2565077d-44d3-4213-82c2-bf5ae9a64368___RS_LB 3295.JPG,21,Potato___Late_blight
color/Potato___Late_blight/3cfeea97-88e1-42e6-b760-0fa125613e9c___RS_LB 4406.JPG,21,Potato___Late_blight
color/Potato___Late_blight/420b4d84-d621-4a64-a8bd-30042f1a6609___RS_LB 2778.JPG,21,Potato___Late_blight
color/Potato___Late_blight/68decf28-de55-477f-9435-56cda245a7ca___RS_LB 3195.JPG,21,Potato___Late_blight
color/Potato___Late_blight/73fb0463-c023-4749-8c37-dd11304de9b1___RS_LB 3112.JPG,21,Potato___Late_blight
color/Potato___Late_blight/75fd327f-c30c-4b73-b7a1-fd11aab8206e___RS_LB 2508.JPG,21,Potato___Late_blight
color/Potato___Late_blight/ab9b15fb-d4cc-4d67-a5bb-8b88f066c1db___RS_LB 4825.JPG,21,Potato___Late_blight
color/Potato___Late_blight/e3d4df7f-f184-453e-8a99-3cb0de5a2488___RS_LB 3959.JPG,21,Potato___Late_blight
color/Potato___Late_blight/e575421c-a9d4-4c0e-8027-b12fca1e3ac9___RS_LB 2806.JPG,21,Potato___Late_blight
color/Potato___Late_blight/e9642678-b019-4ac2-a960-66fcccb2ccaa___RS_LB 2948.JPG,21,Potato___Late_blight
color/Potato___healthy/1a1184f8-c414-4ead-a4c4-41ae78e29a82___RS_HL 1971.JPG,22,Potato___healthy
color/Potato___healthy/1b434c52-7be4-40c4-90d5-13220f1a3eba___RS_HL 5418.JPG,22,Potato___healthy
color/Potato___healthy/3f369e63-81eb-4194-a145-df9ed91abc5d___RS_HL 1745.JPG,22,Potato___healthy
color/Potato___healthy/58a98860-86d8-41e7-9f8c-cc2ca5e90012___RS_HL 1758.JPG,22,Potato___healthy
color/Potato___healthy/5df30492-0b54-474d-8883-bba9474ca88f___RS_HL 1801.JPG,22,Potato___healthy
color/Potato___healthy/762672f4-17e6-4fd6-84f1-3bcb091b3ca5___RS_HL 5417.JPG,22,Potato___healthy
color/Potato___healthy/a1abff90-34e5-464d-b4d3-0c09f5924900___RS_HL 5414.JPG,22,Potato___healthy
color/Potato___healthy/b89db9d3-a413-4781-bc88-5f6c2085ab5f___RS_HL 1909.JPG,22,Potato___healthy
color/Potato___healthy/f0fdde26-78b4-46f0-9eb8-7c2a743d34aa___RS_HL 4165.JPG,22,Potato___healthy
color/Potato___healthy/fd92bd9c-02cb-4599-8673-9316159504a1___RS_HL 1927.JPG,22,Potato___healthy
color/Raspberry___healthy/0a74d671-0dc5-47fd-9e50-1ab0a9db634e___Mary_HL 6247.JPG,23,Raspberry___healthy
color/Raspberry___healthy/174c3316-f010-47bd-aef7-53826f8ec1dc___Mary_HL 6340.JPG,23,Raspberry___healthy
color/Raspberry___healthy/2f5293ed-9843-4c15-830e-94ea76b56c3a___Mary_HL 6368.JPG,23,Raspberry___healthy
color/Raspberry___healthy/3734da4f-b4d3-4457-b73e-1da889ff9ca1___Mary_HL 6347.JPG,23,Raspberry___healthy
color/Raspberry___healthy/6abc9c8d-1b31-4344-a39b-924ec6f8a8cb___Mary_HL 9223.JPG,23,Raspberry___healthy
color/Raspberry___healthy/7626213e-3f4a-4551-b7f0-3c0915e267d9___Mary_HL 9196.JPG,23,Raspberry___healthy
color/Raspberry___healthy/98226f66-15a1-40d5-9b62-04ae5b4fd8d5___Mary_HL 9159.JPG,23,Raspberry___healthy
color/Raspberry___healthy/9effa4a0-acd4-420c-bb44-535b4834ab67___Mary_HL 9295.JPG,23,Raspberry___healthy
color/Raspberry___healthy/b93108ac-bbc8-4fcd-9bae-9514ec2f3127___Mary_HL 6326.JPG,23,Raspberry___healthy
color/Raspberry___healthy/fc261eca-1110-4cd3-ae1b-a969680c9550___Mary_HL 6379.JPG,23,Raspberry___healthy
color/Soybean___healthy/00f09c0e-8129-4e1b-8b55-020c633beaf0___RS_HL 3934.JPG,24,Soybean___healthy
color/Soybean___healthy/15e79233-7aa4-4936-9b6a-646b3d716e33___RS_HL 3195.JPG,24,Soybean___healthy
color/Soybean___healthy/1e17cff8-5ea6-43bb-846b-1ddf4300555b___RS_HL 5516.JPG,24,Soybean___healthy
color/Soybean___healthy/1edd94a0-0f9d-4bdb-b083-78dfc250a54f___RS_HL 4630.JPG,24,Soybean___healthy
color/Soybean___healthy/6906c26d-aeb8-4499-906f-cb6a3d8a7aab___RS_HL 6063.JPG,24,Soybean___healthy
color/Soybean___healthy/9ec90649-46a7-40e9-9c3c-0c2bee445097___RS_HL 6123.JPG,24,Soybean___healthy
color/Soybean___healthy/bae32d39-98e3-4359-90ed-6f7acbc185d5___RS_HL 3047.JPG,24,Soybean___healthy
color/Soybean___healthy/c0b4cc70-a2e9-4fae-a182-237f65ec106b___RS_HL 2906.JPG,24,Soybean___healthy
color/Soybean___healthy/d602d171-14b8-407e-9f3a-fd91452177af___RS_HL 7430.JPG,24,Soybean___healthy
color/Soybean___healthy/f6e67c9d-cbeb-4d55-a2ef-64479e7dec65___RS_HL 4604.JPG,24,Soybean___healthy
color/Squash___Powdery_mildew/05ffc310-62be-4989-8c04-a175cee36fa9___UMD_Powd.M 0589.JPG,25,Squash___Powdery_mildew
color/Squash___Powdery_mildew/212ed39e-0afd-4cd2-900c-9a8222a3682d___MD_Powd.M 1072.JPG,25,Squash___Powdery_mildew
color/Squash___Powdery_mildew/5375fe15-22a3-4d8a-be7d-441ca93e80d2___MD_Powd.M 0096.JPG,25,Squash___Powdery_mildew
color/Squash___Powdery_mildew/5aadc6b9-051d-4864-9a28-8d83bd348373___MD_Powd.M 0934.JPG,25,Squash___Powdery_mildew
color/Squash___Powdery_mildew/94553138-aaec-4eaf-9eb5-97efe365d3ff___UMD_Powd.M 9712.JPG,25,Squash___Powdery_mildew
color/Squash___Powdery_mildew/b9928169-f41a-4c1a-bace-6a0266fdb2fa___MD_Powd.M 0791.JPG,25,Squash___Powdery_mildew
color/Squash___Powdery_mildew/d6b72076-046a-456b-af4a-686d00a9617d___UMD_Powd.M 0515.JPG,25,Squash___Powdery_mildew
color/Squash___Powdery_mildew/e5508a15-3f45-4ad2-ae51-19ccf272397c___MD_Powd.M 0850.JPG,25,Squash___Powdery_mildew
color/Squash___Powdery_mildew/e6a1e3f7-6901-4469-963b-f49d9b939717___UMD_Powd.M 0568.JPG,25,Squash___Powdery_mildew
color/Squash___Powdery_mildew/e76e069c-8e9c-4d2e-a2cf-5b84683f8c1e___MD_Powd.M 0124.JPG,25,Squash___Powdery_mildew
color/Strawberry___Leaf_scorch/29cc5bdf-3f0b-477c-94e4-5e30ed44e2f0___RS_L.Scorch 1185.JPG,26,Strawberry___Leaf_scorch
color/Strawberry___Leaf_scorch/43ca3d0d-6eb5-4994-9132-6b5d21fc4870___RS_L.Scorch 1181.JPG,26,Strawberry___Leaf_scorch
color/Strawberry___Leaf_scorch/58b3d736-7b13-40ba-a029-12fea133f062___RS_L.Scorch 1363.JPG,26,Strawberry___Leaf_scorch
color/Strawberry___Leaf_scorch/5e368f93-0d7a-430a-8254-63de473e6172___RS_L.Scorch 0824.JPG,26,Strawberry___Leaf_scorch
color/Strawberry___Leaf_scorch/6a19c4f6-e87a-4866-a468-3032fb20b699___RS_L.Scorch 1394.JPG,26,Strawberry___Leaf_scorch
color/Strawberry___Leaf_scorch/a8a746ee-d8c4-48c6-8601-cd72e7bbf235___RS_L.Scorch 9930.JPG,26,Strawberry___Leaf_scorch
color/Strawberry___Leaf_scorch/de1b1880-1e42-4f6e-95b4-a48c46ca9eeb___RS_L.Scorch 1519.JPG,26,Strawberry___Leaf_scorch
color/Strawberry___Leaf_scorch/e3c66dbd-4e68-46c0-881e-4fe95d6767a0___RS_L.Scorch 0151.JPG,26,Strawberry___Leaf_scorch
color/Strawberry___Leaf_scorch/f72c3e45-ee30-480d-8682-1c216866cdae___RS_L.Scorch 0948.JPG,26,Strawberry___Leaf_scorch
color/Strawberry___Leaf_scorch/f8a87615-21a8-4511-9c67-e82394e55329___RS_L.Scorch 1341.JPG,26,Strawberry___Leaf_scorch
color/Strawberry___healthy/0de0d575-5dd7-4fca-b003-d4a13354c89d___RS_HL 4629.JPG,27,Strawberry___healthy
color/Strawberry___healthy/17a7354e-4d31-4b34-8efa-adc1a370b201___RS_HL 4692.JPG,27,Strawberry___healthy
color/Strawberry___healthy/1b9a47df-830d-4c52-b7e0-3180c8fee141___RS_HL 4482.JPG,27,Strawberry___healthy
color/Strawberry___healthy/2e89b7fa-24b0-48dd-8f2e-ec9c13b93b05___RS_HL 1992.JPG,27,Strawberry___healthy
color/Strawberry___healthy/5455791a-eeab-4665-841c-a38e68058b54___RS_HL 2135.JPG,27,Strawberry___healthy
color/Strawberry___healthy/7492e688-82ea-4de0-98ca-8cd648d64d20___RS_HL 2162.JPG,27,Strawberry___healthy
color/Strawberry___healthy/88c5dda1-d947-44bc-a3e7-a954070ab87f___RS_HL 4731.JPG,27,Strawberry___healthy
color/Strawberry___healthy/a5db3b2a-9806-45c1-b1f8-9d6f414222f2___RS_HL 2067.JPG,27,Strawberry___healthy
color/Strawberry___healthy/bf22767d-2690-40b4-8991-b49ccd749cdc___RS_HL 2023.JPG,27,Strawberry___healthy
color/Strawberry___healthy/ce4aa9cf-c499-4ed5-bdfd-f7be230b3bfb___RS_HL 4523.JPG,27,Strawberry___healthy
color/Tomato___Bacterial_spot/02fd4e60-db82-441c-87f6-08de768a4462___GCREC_Bact.Sp 5547.JPG,28,Tomato___Bacterial_spot
color/Tomato___Bacterial_spot/0b13b997-9957-4029-b2a4-ef4a046eb088___UF.GRC_BS_Lab Leaf 0595.JPG,28,Tomato___Bacterial_spot
color/Tomato___Bacterial_spot/1664fff5-8d2e-4615-a448-2dd093c0df82___GCREC_Bact.Sp 3290.JPG,28,Tomato___Bacterial_spot
color/Tomato___Bacterial_spot/1d2bcd85-fdb7-4294-ba11-eb58373b4474___GCREC_Bact.Sp 3092.JPG,28,Tomato___Bacterial_spot
color/Tomato___Bacterial_spot/40889410-0558-4ac6-a92c-7b715a603329___GCREC_Bact.Sp 3847.JPG,28,Tomato___Bacterial_spot
color/Tomato___Bacterial_spot/71206367-de88-4a81-a1e8-c11b27c4e8de___UF.GRC_BS_Lab Leaf 9272.JPG,28,Tomato___Bacterial_spot
color/Tomato___Bacterial_spot/8e7bdca5-a018-4553-9571-2f631eb5de6c___UF.GRC_BS_Lab Leaf 0417.JPG,28,Tomato___Bacterial_spot
color/Tomato___Bacterial_spot/94d4258f-e148-4b1f-a38b-8679ababce17___UF.GRC_BS_Lab Leaf 0229.JPG,28,Tomato___Bacterial_spot
color/Tomato___Bacterial_spot/b26ccea5-3d59-45ad-9957-983c2547d915___GCREC_Bact.Sp 6131.JPG,28,Tomato___Bacterial_spot
color/Tomato___Bacterial_spot/f82504ab-2205-4b5e-968f-225eff5b22fb___GCREC_Bact.Sp 3705.JPG,28,Tomato___Bacterial_spot
color/Tomato___Early_blight/48160d05-d3e5-44bb-810e-18d08407b529___RS_Erly.B 9606.JPG,29,Tomato___Early_blight
color/Tomato___Early_blight/53c47cc3-e958-4e9a-811a-e19e99ef0a8c___RS_Erly.B 6373.JPG,29,Tomato___Early_blight
color/Tomato___Early_blight/752de1b6-d4be-4741-9812-3681c6bd4b40___RS_Erly.B 8308.JPG,29,Tomato___Early_blight
color/Tomato___Early_blight/84fe717f-2161-43c2-ad2f-ee2678a31e9f___RS_Erly.B 9416.JPG,29,Tomato___Early_blight
color/Tomato___Early_blight/a54e9f9d-e56b-4097-83c2-b137f9111edf___RS_Erly.B 9411.JPG,29,Tomato___Early_blight
color/Tomato___Early_blight/b5367f51-874a-4202-a6b6-02327196fd93___RS_Erly.B 8235.JPG,29,Tomato___Early_blight
color/Tomato___Early_blight/b5c94157-7110-420f-99fc-040594d6ff12___RS_Erly.B 9474.JPG,29,Tomato___Early_blight
color/Tomato___Early_blight/c63ff9c7-0422-4a71-8727-7c2581fdee6e___RS_Erly.B 9406.JPG,29,Tomato___Early_blight
color/Tomato___Early_blight/e332b0b1-ed0c-49b0-aad2-da29a8636126___RS_Erly.B 9418.JPG,29,Tomato___Early_blight
color/Tomato___Early_blight/fad513f7-c56a-439a-9a5b-515bd0fc8151___RS_Erly.B 9458.JPG,29,Tomato___Early_blight
color/Tomato___Late_blight/01425d17-4c97-46e3-b395-c1453b78ab78___GHLB2 Leaf 9100.JPG,30,Tomato___Late_blight
color/Tomato___Late_blight/08a723e4-6b51-4395-8013-b1f3f03709b8___GHLB2 Leaf 8967.JPG,30,Tomato___Late_blight
color/Tomato___Late_blight/0ead4ae7-b14a-4f00-862b-f8ca126136ec___GHLB2 Leaf 89.2.JPG,30,Tomato___Late_blight
color/Tomato___Late_blight/35c64b94-b2f4-456d-b55f-a376827186c2___GHLB2 Leaf 129.JPG,30,Tomato___Late_blight
color/Tomato___Late_blight/50b8801e-390e-4117-918e-cad1c1af16b4___RS_Late.B 5232.JPG,30,Tomato___Late_blight
color/Tomato___Late_blight/5aac391c-87ed-44cd-84f0-a7bf235003fd___RS_Late.B 4842.JPG,30,Tomato___Late_blight
color/Tomato___Late_blight/7f847477-1111-4f20-9de5-56153bee415b___RS_Late.B 5049.JPG,30,Tomato___Late_blight
color/Tomato___Late_blight/e33f0c2f-ff87-42e2-a31f-aaf232e67e10___RS_Late.B 5231.JPG,30,Tomato___Late_blight
color/Tomato___Late_blight/e6703c22-86f7-4bdf-9733-072180761976___RS_Late.B 5522.JPG,30,Tomato___Late_blight
color/Tomato___Late_blight/e9ef618a-46ef-4e2d-a76e-a2423336b29b___GHLB_PS Leaf 43 Day 18.jpg,30,Tomato___Late_blight
color/Tomato___Leaf_Mold/4699bc00-7eed-4e6a-b701-15218a40bcb1___Crnl_L.Mold 8760.JPG,31,Tomato___Leaf_Mold
color/Tomato___Leaf_Mold/528ee5e6-6c7f-4676-9fe2-fe3956a73b00___Crnl_L.Mold 6739.JPG,31,Tomato___Leaf_Mold
color/Tomato___Leaf_Mold/8fbf1dbe-bce8-47a9-98a9-fc7b64576cc7___Crnl_L.Mold 6780.JPG,31,Tomato___Leaf_Mold
color/Tomato___Leaf_Mold/9ab60a88-cd38-43c0-998d-4503e4bdc8b2___Crnl_L.Mold 6749.JPG,31,Tomato___Leaf_Mold
color/Tomato___Leaf_Mold/af1c1bf4-43b5-47ff-aade-ebd32635f77a___Crnl_L.Mold 7045.JPG,31,Tomato___Leaf_Mold
color/Tomato___Leaf_Mold/c02f3863-3012-4f3a-873e-8003d73a54f9___Crnl_L.Mold 6520.JPG,31,Tomato___Leaf_Mold
color/Tomato___Leaf_Mold/c2c1d52c-c090-4399-ba9c-4f1597bfe900___Crnl_L.Mold 6989.JPG,31,Tomato___Leaf_Mold
color/Tomato___Leaf_Mold/cfd41486-76c4-4a0e-b61b-848a4afdc553___Crnl_L.Mold 7157.JPG,31,Tomato___Leaf_Mold
color/Tomato___Leaf_Mold/eca409c5-fd2b-4fab-9a54-4fad60a205d8___Crnl_L.Mold 8875.JPG,31,Tomato___Leaf_Mold
color/Tomato___Leaf_Mold/fe00923d-7acb-4a3b-9104-e2d429181e5d___Crnl_L.Mold 6822.JPG,31,Tomato___Leaf_Mold
color/Tomato___Septoria_leaf_spot/491d430e-fdc0-4235-8632-bf41b3455fc5___Matt.S_CG 7784.JPG,32,Tomato___Septoria_leaf_spot
color/Tomato___Septoria_leaf_spot/4ca205ed-57b5-4d2a-ba00-a706e9b9ffed___Keller.St_CG 1966.JPG,32,Tomato___Septoria_leaf_spot
color/Tomato___Septoria_leaf_spot/6a3ae349-27f8-468c-a1ad-7ddfc31e3435___JR_Sept.L.S 2471.JPG,32,Tomato___Septoria_leaf_spot
color/Tomato___Septoria_leaf_spot/7e80e827-c4ad-422d-8387-5679797db4ab___Matt.S_CG 1213.JPG,32,Tomato___Septoria_leaf_spot
color/Tomato___Septoria_leaf_spot/a80c4ed9-e82e-462f-9d29-ee1a43bb0be0___JR_Sept.L.S 8415.JPG,32,Tomato___Septoria_leaf_spot
color/Tomato___Septoria_leaf_spot/b37047b7-2e50-4b67-8a37-bf9aa243b53e___Matt.S_CG 2632.JPG,32,Tomato___Septoria_leaf_spot
color/Tomato___Septoria_leaf_spot/c4ffa72c-748c-4697-9034-75abe541f5c7___JR_Sept.L.S 2472.JPG,32,Tomato___Septoria_leaf_spot
color/Tomato___Septoria_leaf_spot/cd2cd0c6-bf72-4bfb-9647-58f5358638d4___Matt.S_CG 6020.JPG,32,Tomato___Septoria_leaf_spot
color/Tomato___Septoria_leaf_spot/d2c083f5-2817-4fe3-b258-da25cbee36d5___Matt.S_CG 7665.JPG,32,Tomato___Septoria_leaf_spot
color/Tomato___Septoria_leaf_spot/e94aaf1a-0c1b-4020-87f0-93c74f929f1c___JR_Sept.L.S 8496.JPG,32,Tomato___Septoria_leaf_spot
color/Tomato___Spider_mites Two-spotted_spider_mite/3046afbf-4a9a-41fb-a64f-3f9e75af08e7___Com.G_SpM_FL 1623.JPG,33,Tomato___Spider_mites Two-spotted_spider_mite
color/Tomato___Spider_mites Two-spotted_spider_mite/3c0df0a9-32f7-4f30-9b50-09aac666701e___Com.G_SpM_FL 8422.JPG,33,Tomato___Spider_mites Two-spotted_spider_mite
color/Tomato___Spider_mites Two-spotted_spider_mite/497e7ecf-8350-4490-9946-b6e55f90d382___Com.G_SpM_FL 1423.JPG,33,Tomato___Spider_mites Two-spotted_spider_mite
color/Tomato___Spider_mites Two-spotted_spider_mite/4da271e5-a4db-458a-b09c-caa83f8c6eb9___Com.G_SpM_FL 9364.JPG,33,Tomato___Spider_mites Two-spotted_spider_mite
color/Tomato___Spider_mites Two-spotted_spider_mite/515b6f36-73a7-4535-b7c4-0ead02abd698___Com.G_SpM_FL 1589.JPG,33,Tomato___Spider_mites Two-spotted_spider_mite
color/Tomato___Spider_mites Two-spotted_spider_mite/5dead4dc-bc58-4470-9d86-3d5cb6be14b7___Com.G_SpM_FL 1471.JPG,33,Tomato___Spider_mites Two-spotted_spider_mite
color/Tomato___Spider_mites Two-spotted_spider_mite/6b769652-dc4d-43ba-b6e1-b1b0da57a9fc___Com.G_SpM_FL 8677.JPG,33,Tomato___Spider_mites Two-spotted_spider_mite
color/Tomato___Spider_mites Two-spotted_spider_mite/a1182087-7d2d-439f-917f-26c63fc7ee3d___Com.G_SpM_FL 9473.JPG,33,Tomato___Spider_mites Two-spotted_spider_mite
color/Tomato___Spider_mites Two-spotted_spider_mite/a80f6d23-395d-4a7e-bd55-805e723f2b45___Com.G_SpM_FL 9622.JPG,33,Tomato___Spider_mites Two-spotted_spider_mite
color/Tomato___Spider_mites Two-spotted_spider_mite/f5cf6938-855e-479f-b909-a9bc12fcb76c___Com.G_SpM_FL 8733.JPG,33,Tomato___Spider_mites Two-spotted_spider_mite
color/Tomato___Target_Spot/2d918628-2486-4303-8e68-07fdefe3ae6b___Com.G_TgS_FL 9729.JPG,34,Tomato___Target_Spot
color/Tomato___Target_Spot/70ff96c1-499a-4e6e-b5ef-5ad0e40c18d5___Com.G_TgS_FL 0665.JPG,34,Tomato___Target_Spot
color/Tomato___Target_Spot/83daec94-24b8-46d3-8619-eb0b3ae8877b___Com.G_TgS_FL 8071.JPG,34,Tomato___Target_Spot
color/Tomato___Target_Spot/887c764a-d253-44c5-bc81-16fc1782cfd9___Com.G_TgS_FL 9957.JPG,34,Tomato___Target_Spot
color/Tomato___Target_Spot/8b704194-2383-4bab-8a5b-9429ffc01b85___Com.G_TgS_FL 0930.JPG,34,Tomato___Target_Spot
color/Tomato___Target_Spot/8d5ad6d9-7070-4022-a423-6812a09823f5___Com.G_TgS_FL 1029.JPG,34,Tomato___Target_Spot
color/Tomato___Target_Spot/acad7d53-5c67-48e9-a383-af6ced180029___Com.G_TgS_FL 8150.JPG,34,Tomato___Target_Spot
color/Tomato___Target_Spot/d0027625-3a04-4187-a80d-2d004127b1cb___Com.G_TgS_FL 9760.JPG,34,Tomato___Target_Spot
color/Tomato___Target_Spot/d8dc43cb-1b98-439f-afd4-257b445dd6b8___Com.G_TgS_FL 1010.JPG,34,Tomato___Target_Spot
color/Tomato___Target_Spot/f2977510-dab7-46cf-9953-2f898c61151f___Com.G_TgS_FL 0724.JPG,34,Tomato___Target_Spot
color/Tomato___Tomato_Yellow_Leaf_Curl_Virus/1d4fd3e9-0b14-4eb4-8034-699cf0c4ca3e___YLCV_NREC 2583.JPG,35,Tomato___Tomato_Yellow_Leaf_Curl_Virus
color/Tomato___Tomato_Yellow_Leaf_Curl_Virus/28e4159d-d813-4422-9805-406b4fd141ac___UF.GRC_YLCV_Lab 02491.JPG,35,Tomato___Tomato_Yellow_Leaf_Curl_Virus
color/Tomato___Tomato_Yellow_Leaf_Curl_Virus/83afa77a-0593-41f4-a395-63d59df33d5d___UF.GRC_YLCV_Lab 01606.JPG,35,Tomato___Tomato_Yellow_Leaf_Curl_Virus
color/Tomato___Tomato_Yellow_Leaf_Curl_Virus/a4744d9f-8ba8-4bd4-aa0f-1bdf38d8b5bd___UF.GRC_YLCV_Lab 01881.JPG,35,Tomato___Tomato_Yellow_Leaf_Curl_Virus
color/Tomato___Tomato_Yellow_Leaf_Curl_Virus/a6ea8957-d915-4b61-9cdd-f3d1bfdd946d___YLCV_NREC 0310.JPG,35,Tomato___Tomato_Yellow_Leaf_Curl_Virus
color/Tomato___Tomato_Yellow_Leaf_Curl_Virus/aa164b32-92ec-44f3-b94a-8bf4f2ea0a87___UF.GRC_YLCV_Lab 02369.JPG,35,Tomato___Tomato_Yellow_Leaf_Curl_Virus
color/Tomato___Tomato_Yellow_Leaf_Curl_Virus/b37832aa-7585-436a-b434-b3d1a2c62c03___YLCV_GCREC 2460.JPG,35,Tomato___Tomato_Yellow_Leaf_Curl_Virus
color/Tomato___Tomato_Yellow_Leaf_Curl_Virus/dba2c650-207f-43af-b14d-c7a46bd9cf70___YLCV_NREC 0210.JPG,35,Tomato___Tomato_Yellow_Leaf_Curl_Virus
color/Tomato___Tomato_Yellow_Leaf_Curl_Virus/e9688f99-9a4a-4d39-91c3-d4ea5a25e591___YLCV_GCREC 2919.JPG,35,Tomato___Tomato_Yellow_Leaf_Curl_Virus
color/Tomato___Tomato_Yellow_Leaf_Curl_Virus/f1657ef6-fb99-47a4-87d2-c6bf646ef1ef___UF.GRC_YLCV_Lab 02533.JPG,35,Tomato___Tomato_Yellow_Leaf_Curl_Virus
color/Tomato___Tomato_mosaic_virus/227c893f-5a46-4df3-859d-ba3a74e4cb82___PSU_CG 2277.JPG,36,Tomato___Tomato_mosaic_virus
color/Tomato___Tomato_mosaic_virus/6e8fac68-5902-4a78-a5c1-05c1c9dd006f___PSU_CG 2343.JPG,36,Tomato___Tomato_mosaic_virus
color/Tomato___Tomato_mosaic_virus/71aa5741-6923-4593-9a23-bc7f58dc40b2___PSU_CG 2183.JPG,36,Tomato___Tomato_mosaic_virus
color/Tomato___Tomato_mosaic_virus/8af472ce-108f-4478-807f-cdf8f4cbdceb___PSU_CG 2218.JPG,36,Tomato___Tomato_mosaic_virus
color/Tomato___Tomato_mosaic_virus/bfe4e207-18c5-46cb-9022-0a94c6826f81___PSU_CG 2234.JPG,36,Tomato___Tomato_mosaic_virus
color/Tomato___Tomato_mosaic_virus/cc8059de-bae3-4ace-b6a5-f12a07fef342___PSU_CG 2410.JPG,36,Tomato___Tomato_mosaic_virus
color/Tomato___Tomato_mosaic_virus/d0c853a7-0f78-4c80-b2d4-74a84adb1d91___PSU_CG 2153.JPG,36,Tomato___Tomato_mosaic_virus
color/Tomato___Tomato_mosaic_virus/ee5d3bda-66ef-4de8-878d-e345c3eae676___PSU_CG 2086.JPG,36,Tomato___Tomato_mosaic_virus
color/Tomato___Tomato_mosaic_virus/f7066d3e-694d-44a0-a42a-a8fb1eb52ff7___PSU_CG 2190.JPG,36,Tomato___Tomato_mosaic_virus
color/Tomato___Tomato_mosaic_virus/f833998e-f306-4f40-b702-3d4ab8f4ad27___PSU_CG 2331.JPG,36,Tomato___Tomato_mosaic_virus
color/Tomato___healthy/01700b46-3800-46c6-ab81-09a5f50af525___RS_HL 0108.JPG,37,Tomato___healthy
color/Tomato___healthy/1b966d62-d5c3-4a67-ba36-b67d873ccfdf___GH_HL Leaf 440.JPG,37,Tomato___healthy
color/Tomato___healthy/2bd08574-9555-42a5-93b1-7fab8f9f8786___GH_HL Leaf 475.2.JPG,37,Tomato___healthy
color/Tomato___healthy/6f6c7236-d6b5-4bbb-a89e-e1c8246550dd___RS_HL 0559.JPG,37,Tomato___healthy
color/Tomato___healthy/6f8aa21a-0209-4d38-b937-d0e1e809bf16___RS_HL 0027.JPG,37,Tomato___healthy
color/Tomato___healthy/82df832d-43d4-41c5-97b8-baf8ff9c658c___RS_HL 9917.JPG,37,Tomato___healthy
color/Tomato___healthy/886c81aa-0494-4dd7-adc5-301af73df1f7___GH_HL Leaf 215.JPG,37,Tomato___healthy
color/Tomato___healthy/89ecd925-23ef-4bfe-8c55-cad05161aca2___GH_HL Leaf 236.1.JPG,37,Tomato___healthy
color/Tomato___healthy/a54804c7-1bc2-439a-a09f-3d1a6ce81856___GH_HL Leaf 309.1.JPG,37,Tomato___healthy
color/Tomato___healthy/b66ce067-f338-4ae5-8f62-578ce164456a___RS_HL 0610.JPG,37,Tomato___healthy
