stage,method,mean_spearman,std_spearman,n_images,n_finite
classifier,gradcam,0.39240753479183815,0.2750252585820751,40,40
features[18:19],gradcam,0.36518735987074724,0.4091601482716901,40,36
features[14:18],gradcam,0.29144148150697846,0.2380689956797884,40,36
features[10:14],gradcam,0.14476420244851815,0.3718622045913462,40,37
features[6:10],gradcam,0.17758476802809914,0.4376078293069066,40,35
features[0:6],gradcam,0.17700288801653122,0.3637844063906914,40,38
classifier,smoothgrad,0.7460753513911312,0.07801071675144057,40,40
features[18:19],smoothgrad,0.8083953671375902,0.05499683482031914,40,40
features[14:18],smoothgrad,0.3212608900360487,0.14380076149329535,40,40
features[10:14],smoothgrad,0.23444851518970897,0.15616918963528956,40,40
features[6:10],smoothgrad,0.20160210110898186,0.15462102058846783,40,40
features[0:6],smoothgrad,0.256343575915453,0.13194571953539855,40,40
